{
  "cols": 2,
  "data": {
    "0.000000": [
      0.5080016851425171,
      0.0
    ],
    "1.000000": [
      0.12175223976373672,
      0.0
    ],
    "2.000000": [
      0.07755027711391449,
      0.0
    ],
    "3.000000": [
      0.8866452574729919,
      0.0
    ],
    "4.000000": [
      0.8959499597549438,
      0.0
    ]
  }
}
