{
  "cols": 6,
  "data": {
    "0.000000": [
      0.0,
      1.0,
      0.0,
      0.0,
      0.0,
      0.0
    ],
    "1.000000": [
      0.6399999856948853,
      0.6600000262260437,
      0.7099999785423279,
      0.7300000190734863,
      0.7400000095367432,
      0.6600000262260437
    ],
    "2.000000": [
      0.3385826647281647,
      0.0,
      0.0,
      0.0,
      0.0,
      0.0
    ],
    "3.000000": [
      0.7322834730148315,
      0.4724409580230713,
      0.6929134130477905,
      0.6929134130477905,
      0.6535432934761047,
      0.12598425149917603
    ],
    "4.000000": [
      0.11811023950576782,
      0.30708661675453186,
      0.4566929042339325,
      0.28346458077430725,
      0.015748031437397003,
      0.7795275449752808
    ]
  }
}
